<?xml version="1.0" encoding="UTF-8"?>
<project-private xmlns="http://www.netbeans.org/ns/project-private/1">
    <editor-bookmarks xmlns="http://www.netbeans.org/ns/editor-bookmarks/2" lastBookmarkId="0"/>
    <open-files xmlns="http://www.netbeans.org/ns/projectui-open-files/2">
        <group>
            <file>file:/C:/Users/HP/Documents/NetBeansProjects/adjvminor/web/otpverification.jsp</file>
            <file>file:/C:/Users/HP/Documents/NetBeansProjects/adjvminor/web/chat1doctor.jsp</file>
            <file>file:/C:/Users/HP/Documents/NetBeansProjects/adjvminor/web/bmi.jsp</file>
            <file>file:/C:/Users/HP/Documents/NetBeansProjects/adjvminor/web/crawling2.jsp</file>
            <file>file:/C:/Users/HP/Documents/NetBeansProjects/adjvminor/web/welcome.jsp</file>
            <file>file:/C:/Users/HP/Documents/NetBeansProjects/adjvminor/src/java/storemessage.java</file>
            <file>file:/C:/Users/HP/Documents/NetBeansProjects/adjvminor/src/java/broadcast.java</file>
            <file>file:/C:/Users/HP/Documents/NetBeansProjects/adjvminor/src/java/sendotp.java</file>
            <file>file:/C:/Users/HP/Documents/NetBeansProjects/adjvminor/src/java/recommend.java</file>
            <file>file:/C:/Users/HP/Documents/NetBeansProjects/adjvminor/src/java/crawling2.java</file>
            <file>file:/C:/Users/HP/Documents/NetBeansProjects/adjvminor/src/java/uploadFile.java</file>
            <file>file:/C:/Users/HP/Documents/NetBeansProjects/adjvminor/web/About.jsp</file>
            <file>file:/C:/Users/HP/Documents/NetBeansProjects/adjvminor/src/java/Jsoup.java</file>
            <file>file:/C:/Users/HP/Documents/NetBeansProjects/adjvminor/web/read.jsp</file>
            <file>file:/C:/Users/HP/Documents/NetBeansProjects/adjvminor/src/java/docProcess.java</file>
            <file>file:/C:/Users/HP/Documents/NetBeansProjects/adjvminor/web/recommend.jsp</file>
            <file>file:/C:/Users/HP/Documents/NetBeansProjects/adjvminor/web/diseasepredictionform.jsp</file>
            <file>file:/C:/Users/HP/Documents/NetBeansProjects/adjvminor/web/tocart.jsp</file>
            <file>file:/C:/Users/HP/Documents/NetBeansProjects/adjvminor/web/diseasedisplay.jsp</file>
            <file>file:/C:/Users/HP/Documents/NetBeansProjects/adjvminor/web/js/index.js</file>
            <file>file:/C:/Users/HP/Documents/NetBeansProjects/adjvminor/web/LoginSignup.jsp</file>
            <file>file:/C:/Users/HP/Documents/NetBeansProjects/adjvminor/src/java/otpprocess.java</file>
            <file>file:/C:/Users/HP/Documents/NetBeansProjects/adjvminor/src/java/chatprocessdoctor.java</file>
            <file>file:/C:/Users/HP/Documents/NetBeansProjects/adjvminor/src/java/storemail.java</file>
            <file>file:/C:/Users/HP/Documents/NetBeansProjects/adjvminor/web/cartinfo3.jsp</file>
            <file>file:/C:/Users/HP/Documents/NetBeansProjects/adjvminor/web/index.html</file>
            <file>file:/C:/Users/HP/Documents/NetBeansProjects/adjvminor/web/DocLoginSignup.jsp</file>
            <file>file:/C:/Users/HP/Documents/NetBeansProjects/adjvminor/web/main.jsp</file>
            <file>file:/C:/Users/HP/Documents/NetBeansProjects/adjvminor/web/css/style.css</file>
            <file>file:/C:/Users/HP/Documents/NetBeansProjects/adjvminor/src/java/demailretrieve.java</file>
            <file>file:/C:/Users/HP/Documents/NetBeansProjects/adjvminor/src/java/Signup.java</file>
            <file>file:/C:/Users/HP/Documents/NetBeansProjects/adjvminor/web/chat2doctor.jsp</file>
            <file>file:/C:/Users/HP/Documents/NetBeansProjects/adjvminor/src/java/diseaseprediction2.java</file>
            <file>file:/C:/Users/HP/Documents/NetBeansProjects/adjvminor/src/java/crawlingp.java</file>
            <file>file:/C:/Users/HP/Documents/NetBeansProjects/adjvminor/src/java/chatprocess.java</file>
            <file>file:/C:/Users/HP/Documents/NetBeansProjects/adjvminor/src/java/crawl.java</file>
            <file>file:/C:/Users/HP/Documents/NetBeansProjects/adjvminor/src/java/data_storage.java</file>
            <file>file:/C:/Users/HP/Documents/NetBeansProjects/adjvminor/web/images/med4.jpg</file>
            <file>file:/C:/Users/HP/Documents/NetBeansProjects/adjvminor/src/java/BMI.java</file>
            <file>file:/C:/Users/HP/Documents/NetBeansProjects/adjvminor/web/crawling.jsp</file>
            <file>file:/C:/Users/HP/Documents/NetBeansProjects/adjvminor/web/upload.html</file>
            <file>file:/C:/Users/HP/Documents/NetBeansProjects/adjvminor/web/docOrClient.jsp</file>
            <file>file:/C:/Users/HP/Documents/NetBeansProjects/adjvminor/src/java/docSignup.java</file>
            <file>file:/C:/Users/HP/Documents/NetBeansProjects/adjvminor/web/chat2.jsp</file>
            <file>file:/C:/Users/HP/Documents/NetBeansProjects/adjvminor/src/java/cemailretrieve.java</file>
            <file>file:/C:/Users/HP/Documents/NetBeansProjects/adjvminor/web/incorrect.jsp</file>
            <file>file:/C:/Users/HP/Documents/NetBeansProjects/adjvminor/src/java/Login.java</file>
            <file>file:/C:/Users/HP/Documents/NetBeansProjects/adjvminor/src/java/diseasepredictionprocess1.java</file>
            <file>file:/C:/Users/HP/Documents/NetBeansProjects/adjvminor/src/java/chatdecide.java</file>
            <file>file:/C:/Users/HP/Documents/NetBeansProjects/adjvminor/web/Articles.jsp</file>
            <file>file:/C:/Users/HP/Documents/NetBeansProjects/adjvminor/web/chat1.jsp</file>
            <file>file:/C:/Users/HP/Documents/NetBeansProjects/adjvminor/web/chat3.jsp</file>
            <file>file:/C:/Users/HP/Documents/NetBeansProjects/adjvminor/src/java/cemailcartinfouse.java</file>
            <file>file:/C:/Users/HP/Documents/NetBeansProjects/adjvminor/src/java/googlesearch.java</file>
            <file>file:/C:/Users/HP/Documents/NetBeansProjects/adjvminor/web/images/med5.jpg</file>
            <file>file:/C:/Users/HP/Documents/NetBeansProjects/adjvminor/src/java/Getdoctortype.java</file>
            <file>file:/C:/Users/HP/Documents/NetBeansProjects/adjvminor/src/java/trigger.java</file>
        </group>
    </open-files>
</project-private>
